State,District,Latitude,Longitude,District code,Population,Households_with_Internet,Sex Ratio,literacy_rate
Andhra Pradesh,Adilabad,19.284513950073435,78.81321233480176,532,2741239,5512,1001.4931399528475,54.112282803506005
Andhra Pradesh,Anantapur,14.312065561843148,77.4601584478577,553,4081148,8606,976.8262940816035,56.62524368143473
Andhra Pradesh,Chittoor,13.33109263067696,78.92763898886037,554,4174064,13763,996.9648895514505,63.915598802509976
Andhra Pradesh,East Godavari,16.782718320784902,82.2432074720511,545,5154296,22411,1005.8061523422299,63.80264152466215
Andhra Pradesh,Guntur,15.884925767634847,80.58657614107885,548,4887813,19383,1002.7744075957552,60.56780404651324
Andhra Pradesh,Hyderabad,17.38971555555556,78.46668888888888,536,3943323,149034,953.5181997200996,73.34309160066269
Andhra Pradesh,Karimnagar,18.515483193277312,79.43765428571413,534,3776269,8831,1007.7993407060826,58.43940143035361
Andhra Pradesh,Khammam,17.683921325051784,80.67008643892335,541,2797370,8628,1011.0669538486314,58.27738196949277
Andhra Pradesh,Krishna,16.143872753151673,81.14805061000413,547,4517398,30438,992.347097414411,66.62503503122815
Andhra Pradesh,Kurnool,15.43759715142429,77.90086836581717,552,4053463,10081,987.7448660693489,52.47762222080231
Andhra Pradesh,Mahbubnagar,16.639546224256293,77.98933089244859,538,4053028,6153,976.7146283675366,47.881386459703705
Andhra Pradesh,Medak,17.889304978038055,78.13778901903379,535,3033288,8635,991.6140850803989,53.972356070376435
Andhra Pradesh,Nalgonda,17.113250515463907,79.16984453608244,539,3488809,7715,982.5346692639728,57.35536109887357
Andhra Pradesh,Nizamabad,18.429485849056604,78.07523490566035,533,2551335,5261,1040.0218767815863,54.47383428675576
Andhra Pradesh,Prakasam,15.489039001601704,80.11665790176184,549,3397448,6151,981.2918862304084,56.054868242280676
Andhra Pradesh,Srikakulam,18.570900998697432,84.25874814010675,542,2703114,3988,1014.6362404582713,55.32067829917643
Andhra Pradesh,Vizianagaram,18.28329696032972,83.45982854198873,543,2344474,4453,1018.5281327137774,52.82157106455435
Andhra Pradesh,Warangal,18.01752608695651,79.87422028985509,540,3512576,12952,996.5974736270101,58.78941836418628
Andhra Pradesh,West Godavari,16.63297943925236,81.45912990654196,546,3936966,12050,1003.6286501523219,67.37139716218022
Arunachal Pradesh,Changlang,27.36048479338845,96.37552644628106,253,148226,170,926.3138743047252,49.3665079000985
Arunachal Pradesh,East Kameng,27.371194055944056,93.04741486013997,247,78690,57,1029.4003868471953,48.861354682933026
Arunachal Pradesh,East Siang,28.15382352941176,95.06499226006191,251,99214,450,979.6871258679862,63.07174390710988
Arunachal Pradesh,Kurung Kumey,28.04853351800553,93.24531994459834,256,92076,95,1031.7754534622004,39.756288283591815
Arunachal Pradesh,Lohit,27.946785273972623,96.59670770547945,259,145726,312,911.887799950145,56.998751080795465
Arunachal Pradesh,Lower Dibang Valley,28.32651730103806,95.76567335640142,258,54080,207,927.7795601183474,58.89238165680474
Arunachal Pradesh,Lower Subansiri,27.70849297297297,93.96226108108112,255,83030,381,984.3223478240088,65.1053835962905
Arunachal Pradesh,Papum Pare,27.273529716981127,93.54468183962264,248,176573,2477,979.9174721356327,68.55408244748631
Arunachal Pradesh,Tawang,27.680683962264148,91.82504245283016,245,49977,96,714.418030256252,52.169998199171616
Arunachal Pradesh,Tirap,26.94406229508198,95.41470327868862,254,111975,98,943.8754253176863,42.843491850859564
Arunachal Pradesh,Upper Siang,28.8309244897959,95.00155765306124,252,35320,97,888.8710626236697,51.514722536806346
Arunachal Pradesh,Upper Subansiri,28.277196566523585,93.8991435622318,249,83448,139,998.371569519613,54.25893969897421
Arunachal Pradesh,West Kameng,27.46486582278483,92.65015750452083,246,83947,202,818.8061965117539,57.76501840446948
Arunachal Pradesh,West Siang,28.106296920289843,94.53510344202908,250,112274,303,930.1677898500894,57.66784829969539
Assam,Barpeta,26.427872264631056,90.97912010178116,303,1693622,2078,953.4189000281428,52.9668367557814
Assam,Bongaigaon,26.45012521994133,90.6734296187684,319,738804,2523,965.8558131861698,58.75414859692151
Assam,Cachar,24.815570668693017,92.86849650455927,316,1736617,5316,959.4362529392384,67.61007176596797
Assam,Darrang,26.58463215962442,92.04141338028155,325,928500,1166,953.6140281480328,52.4543887991384
Assam,Dhemaji,27.586533438485816,94.71336908517353,308,686133,1192,953.4091200259644,61.65393589872517
Assam,Dibrugarh,27.30612284482757,95.0998282327587,310,1326335,8817,960.7751827968435,66.68986342062902
Assam,Goalpara,26.017277777777807,90.59869891598912,302,1008183,1364,964.1510095618089,55.90026810608788
Assam,Golaghat,26.377219709794485,93.82583397823468,313,1066888,3073,964.220553390247,67.6513373475004
Assam,Hailakandi,24.457496089385486,92.59154664804475,318,659296,1211,951.2148924206103,61.78802844245984
Assam,Jorhat,26.76244824016563,94.30197722567289,312,1092256,5651,961.6490512836631,72.7786343128351
Assam,Kamrup,26.170939452054807,91.58863273972592,321,1517542,3109,949.4130084872588,65.58757517090137
Assam,Karbi Anglong,26.08966454598031,93.11536570271832,314,956313,1923,950.9942529790867,58.26690633715113
Assam,Karimganj,24.69660712250711,92.3679498575498,317,1228686,1933,963.1836948602253,64.72744053403392
Assam,Kokrajhar,26.497246635730868,90.13997470997688,300,887142,1218,958.7816429494044,55.15520626912039
Assam,Lakhimpur,27.14128805970149,94.0775949253732,307,1042137,1948,967.5064284824251,65.58504304136596
Assam,Nagaon,26.26462170626351,92.9306191144708,305,2823768,5121,962.1599986658439,60.582739091880065
Assam,Nalbari,26.46323767605632,91.40598521126763,323,771639,1631,948.5538097907607,68.91447943921963
Assam,Sonitpur,26.73514926829268,92.85197804878044,306,1924110,4358,955.5871304517514,57.614793333021495
Assam,Tinsukia,27.53549291139241,95.69055949367085,309,1327929,5135,952.173599850639,60.11782256430879
Bihar,Araria,26.211528119180603,87.30766554934816,209,2811569,2561,921.3459957507963,42.530274021373835
Bihar,Aurangabad,24.774291867469877,84.45986024096379,235,2540073,2362,926.218108356513,57.71495543632014
Bihar,Aurangabad,24.774291867469877,84.45986024096379,515,3701282,23258,923.2744201127687,67.64783121091557
Bihar,Banka,24.832355642023337,86.8664916342413,225,2034763,1704,906.7441947635737,47.44144649770023
Bihar,Begusarai,25.54302613168723,86.12560144032932,222,2970541,4644,894.888560019392,52.13437552284247
Bihar,Bhagalpur,25.277192885375477,87.04213814229242,224,3037766,6764,880.1977887715445,51.78364627163514
Bihar,Bhojpur,25.50666439393939,84.49407803030304,231,2728407,3661,907.4700429256561,58.61116028510409
Bihar,Buxar,25.48593018867924,84.08808081760995,232,1706352,1784,921.6173391878393,58.00719898356259
Bihar,Darbhanga,26.146187719298258,85.97387352472099,215,3937385,6280,911.3992627972829,46.138084032930486
Bihar,Gaya,24.7266541547278,84.94291217765044,236,4391418,6856,937.4763408610206,52.32052608064184
Bihar,Gopalganj,26.44874364161851,84.34636127167629,217,2562012,3707,1021.0465532719186,53.98093373489273
Bihar,Jamui,24.78418380462726,86.26316298200514,238,1760405,1839,921.7052520347924,48.77218594584769
Bihar,Jehanabad,25.155679045643165,84.9208124481328,239,1125313,1106,921.7001205638151,54.99634323961422
Bihar,Katihar,25.56565356037151,87.70466083591326,212,3071029,2941,918.8774266915767,41.68602771253544
Bihar,Khagaria,25.53558891454964,86.56593256351037,223,1666886,1580,886.0742306395439,46.07561644887533
Bihar,Kishanganj,26.324336758321294,87.95045007235886,210,1690400,1093,949.7791157710186,44.07572172266919
Bihar,Lakhisarai,25.183449321266963,86.12825701357468,227,1000912,1186,901.6272596870873,50.68077912943396
Bihar,Madhepura,25.77341929460581,86.8978443983403,213,2001762,1397,910.8823464835871,41.692119242946966
Bihar,Madhubani,26.41380538172716,86.16328360450552,207,4487379,5319,926.481756638116,48.03111125670464
Bihar,Munger,25.198537962962963,86.54173672839504,226,1367765,2653,876.1153350771767,58.62242417374329
Bihar,Muzaffarpur,26.18664417177915,85.32745092024543,216,4801062,10290,899.5322249640652,52.264103233826184
Bihar,Nalanda,25.229345508982053,85.48053113772461,229,2877653,4156,922.2028509211387,52.818494794195125
Bihar,Nawada,24.825708836206903,85.61594568965519,237,2219146,1841,938.6809100979499,49.163597167559054
Bihar,Pashchim Champaran,27.16064352201258,84.30265911949685,203,3935042,3495,909.1858270543543,44.713144103671574
Bihar,Patna,25.40297114503818,85.3198433587787,230,5838465,40692,896.5217611625357,59.25665393215511
Bihar,Purba Champaran,26.68129336734693,85.00382155612242,204,5099371,7719,901.8923925736487,44.65172273207813
Bihar,Purnia,25.81714801901739,87.40447606973065,211,3264619,4170,921.0760458287482,40.81107167482637
Bihar,Rohtas,24.99170460829495,83.9350762672811,234,2959918,4594,917.609193376809,60.806819648382145
Bihar,Saharsa,25.821270696721303,86.54670819672135,214,1900661,1668,906.0474902073258,42.35347597493714
Bihar,Samastipur,25.793205563909765,85.94833323308269,221,4261566,5379,911.0135726274807,50.28386278659066
Bihar,Saran,25.89656077844312,84.82266287425155,219,3951862,4509,953.6390021657872,54.59335371528662
Bihar,Sheikhpura,25.12472436548223,85.77839390862943,228,636342,631,929.8120051070076,51.65084184290837
Bihar,Sheohar,26.458380748663107,85.29539411764709,205,656246,478,892.9827243540743,43.23043492836528
Bihar,Sitamarhi,26.56570069686413,85.61172491289203,206,3423574,3460,898.5554986213796,41.96766303284229
Bihar,Siwan,26.1736372013652,84.33766552901022,218,3330464,3834,988.2298861553708,57.95513778260326
Bihar,Supaul,26.28157893772896,86.78496465201461,208,2229076,1845,929.4631704958871,46.35476762568885
Bihar,Vaishali,25.8134703180212,85.39247597173153,220,3495021,4810,894.7978758874187,55.12813799974307
Chandigarh,Chandigarh,30.7426,76.75872465753424,55,1055450,44283,817.6636017793454,76.31228385996495
Chhattisgarh,Bastar,19.393866751269048,81.52895126903546,414,1413199,1782,1023.2287787746945,46.05600485140451
Chhattisgarh,Bilaspur,22.356942982456143,81.99770350877188,30,381956,1574,981.469569006661,75.3018672307805
Chhattisgarh,Bilaspur,22.356942982456143,81.99770350877188,406,2663629,8566,970.7607574576012,59.939278330428145
Chhattisgarh,Dhamtari,20.554912627291245,81.7569195519348,412,799781,1016,1010.0201811021445,68.37284206551544
Chhattisgarh,Durg,21.194463849287164,81.33181639511197,409,3343872,16141,987.9139243125115,68.88355774383709
Chhattisgarh,Jashpur,22.77286167664669,83.8703962075848,402,851669,567,1005.1206953786607,58.16989933882765
Chhattisgarh,Korba,22.491712499999995,82.57604326923074,404,1206640,4544,968.6906014700244,62.05322217065571
Chhattisgarh,Koriya,23.50412776859501,82.12515636363635,400,658917,1667,968.4618073293361,60.375282471085136
Chhattisgarh,Mahasamund,21.223727037773354,82.65925427435384,411,1032754,961,1017.2276728773535,61.772987565286606
Chhattisgarh,Raigarh,22.008265068493166,83.27797698630134,403,1493984,3342,991.240580158288,63.6980717330306
Chhattisgarh,Raigarh,22.008265068493166,83.27797698630134,520,2634200,38570,959.4672498502988,73.64642016551515
Chhattisgarh,Raipur,20.88603153846152,82.20032759615388,410,4063872,20261,984.1323004844287,64.71042887177549
Chhattisgarh,Surguja,23.32719278728607,83.23582493887531,401,2359886,2737,977.8967739448124,50.33891467638691
Daman and Diu,Daman,20.431616666666677,72.8392366071429,495,191173,1316,533.5675723373362,78.64499693994445
Daman and Diu,Junagadh,20.72568199498111,70.83985639899612,479,2743082,6628,953.2668354747657,67.18056550988997
Goa,North Goa,15.548723418714054,73.80667997909038,585,818008,23440,963.1705133712684,81.05788696443066
Goa,South Goa,15.195278658183785,73.941792596877,586,640537,17624,986.3891361179423,78.43840402662141
Gujarat,Ahmadabad,22.605425564971743,72.23898135593227,474,7214225,126341,904.4688152297844,75.34780243200066
Gujarat,Amreli,21.04832649310872,71.43457637825426,480,1514190,2538,963.805153758062,65.74201388200952
Gujarat,Anand,22.282718206229863,72.57782051557454,482,2092745,9902,924.8517324856699,74.12527565470232
Gujarat,Banas Kantha,24.258538965517253,71.93205252873561,469,3120506,3424,937.7463317641375,54.63610709288814
Gujarat,Bharuch,21.75787276237761,72.67326346710801,488,1551019,10257,925.0409888458211,72.09943914291186
Gujarat,Bhavnagar,21.70219390341736,72.16272632761141,481,2880365,7297,932.8701295999667,65.52138357465113
Gujarat,Gandhinagar,23.193679790026252,72.67221679790026,473,1391753,12107,922.6719383751644,74.04287973512541
Gujarat,Jamnagar,22.410600414263328,69.62062005768233,477,2160119,11573,938.7313856139697,64.65079007221361
Gujarat,Junagadh,20.929523011609785,70.54733890140345,479,2743082,6628,953.2668354747657,67.18056550988997
Gujarat,Kachchh,23.48057203301311,68.82192301497916,468,2092371,9631,907.8147267758816,59.851670664523645
Gujarat,Kheda,22.88765312500002,73.018803515625,483,2299885,5710,939.6412496299739,72.18808766525284
Gujarat,Mahesana,23.529355452865065,72.45545194085031,471,2035064,7759,926.1954340665582,73.83772697074883
Gujarat,Narmada,21.70666386292833,73.68403208722742,487,590297,576,960.5594414884783,62.73723227460075
Gujarat,Navsari,20.866973318871995,72.86184869848157,490,1329672,6726,960.6909822830727,75.35008633708162
Gujarat,Panch Mahals,22.80435606837605,73.61984598290586,484,2390776,3456,948.5346315001048,60.26516076788457
Gujarat,Patan,23.80634198473284,71.75162977099237,470,1343734,2231,935.1091666582661,62.3570587631183
Gujarat,Porbandar,21.55092351651571,69.71896987722886,478,585449,1653,950.1380704775672,67.24377358232742
Gujarat,Rajkot,22.40603377715488,70.83679439383323,476,3804558,21785,926.8999642937636,71.62608639426709
Gujarat,Sabar Kantha,23.71803594548552,73.13638790459964,472,2428589,5262,951.8795143345569,65.00622377849854
Gujarat,Surat,21.25761372772093,72.93488716344339,492,6081322,55694,787.4549118458984,75.17131965714033
Gujarat,Surendranagar,22.82672007299272,71.48358740875906,475,1756268,2975,930.1408809814523,62.269881362070024
Gujarat,The Dangs,20.801633877551023,73.6883518367347,489,228291,137,1005.7019354952075,61.749258621671466
Gujarat,Vadodara,22.26133739279589,73.49433010291594,486,4165626,53606,934.1395602803686,69.45126614823319
Gujarat,Valsad,20.44238231644259,72.9148584798345,491,1705678,11020,922.4929048197633,68.63294244282918
Haryana,Ambala,30.3503672316384,76.94970310734456,70,1128350,12899,884.6573342709156,72.49745203172775
Haryana,Bhiwani,28.728868064516128,76.02110225806452,81,1634445,5292,885.8864714678679,65.45775477302693
Haryana,Faridabad,28.14873109756098,77.32718536585368,88,1809733,43437,873.2163004212771,70.32744609287668
Haryana,Fatehabad,29.57298318584072,75.54608716814157,78,942011,3210,901.6694928940568,59.19017930788494
Haryana,Gurgaon,28.043894789579163,77.01935130260523,86,1514432,67087,854.3535490822711,73.3684972319655
Haryana,Hisar,29.23628731117825,75.84324682779452,80,1743931,10132,872.05038419343,63.89650737328484
Haryana,Jhajjar,28.59651868131869,76.61137142857145,83,958405,5034,862.1846747508583,70.5433506711672
Haryana,Jind,29.45149821958457,76.29598575667653,77,1334152,5263,871.1651795356561,62.41852502563427
Haryana,Kaithal,29.96068539094649,76.37698930041155,73,1074304,3724,881.4331973737442,60.18119638389133
Haryana,Karnal,29.703200647249204,76.87488025889972,74,1505324,11163,887.0519686302825,64.97026553751883
Haryana,Kurukshetra,30.05652659846548,76.78774680306903,72,964655,7356,887.8675319388778,67.05951868802836
Haryana,Mahendragarh,28.1352161458333,76.14018072916659,84,922088,2624,894.7078585885569,68.35085154562255
Haryana,Panchkula,30.700897142857134,76.97173238095236,69,561293,18615,872.9807560756676,72.2114831291322
Haryana,Panipat,29.34352134146342,76.92895914634147,75,1205437,10024,863.52934265224,65.25426048810515
Haryana,Rewari,28.19164714828897,76.55956007604564,85,900332,5121,898.0931198414622,70.74579155244955
Haryana,Rohtak,28.892517647058817,76.53123235294117,82,1061204,8482,866.7426589196787,70.44658708410448
Haryana,Sirsa,29.63583446327684,74.90970480225988,79,1295189,6287,897.4848443117456,60.446544867196984
Himachal Pradesh,Bilaspur,31.3780422907489,76.65316079295157,30,381956,1574,981.469569006661,75.3018672307805
Himachal Pradesh,Bilaspur,31.3780422907489,76.65316079295157,406,2663629,8566,970.7607574576012,59.939278330428145
Himachal Pradesh,Chamba,32.66741814595661,76.39354063116366,23,519080,1615,986.3768559620388,62.3876859058334
Himachal Pradesh,Hamirpur,31.67668481012659,76.49767088607594,28,454768,2521,1095.0292532362832,78.74146817718045
Himachal Pradesh,Hamirpur,31.67668481012659,76.49767088607594,168,1104285,1196,860.5158566357278,59.16036168199332
Himachal Pradesh,Kangra,32.14093603238864,76.41205910931173,24,1510075,8053,1011.8479971116094,76.32998361008559
Himachal Pradesh,Kinnaur,31.60667184065933,78.51613736263741,34,84121,354,818.8717593893922,72.15677417054005
Himachal Pradesh,Kullu,31.90911922077925,77.40922649350647,26,437903,2623,942.3336231215513,70.26030878984615
Himachal Pradesh,Mandi,31.635805940594054,76.96556930693067,27,999777,5333,1007.3223374459157,72.39084315802424
Himachal Pradesh,Shimla,31.155725451807253,77.62573042168668,33,814010,9177,915.1419046252227,75.26222036584316
Himachal Pradesh,Sirmaur,30.682764453961443,77.43184689507493,32,529855,2220,917.7564072402448,68.44230968849968
Himachal Pradesh,Solan,31.03864311926604,76.94442140672783,31,580320,5250,879.5545968635224,73.85201268265784
Himachal Pradesh,Una,31.58330388349513,76.18353932038836,29,521173,2412,976.4460051878707,76.69526241766171
Jammu and Kashmir,Doda,33.359614675767915,76.07163720136518,16,409936,596,918.8077194920451,53.443220405136415
Jammu and Kashmir,Jammu,32.713199095022645,74.8477520361991,21,1529958,19905,879.9686909037737,74.32458930245144
Jammu and Kashmir,Kargil,33.565994894894914,76.63675315315312,4,140802,235,810.1433438323584,61.246289115211425
Jammu and Kashmir,Kathua,32.51781678321678,75.58901398601404,7,616435,1443,890.2728842196934,63.1378815284661
Jammu and Kashmir,Pulwama,33.88414418604652,75.00921860465118,12,560440,1537,912.3467911445964,52.451288273499394
Jammu and Kashmir,Punch,33.791241290322574,74.29593161290322,5,476835,346,892.9610677295266,54.88774943114495
Jammu and Kashmir,Srinagar,34.27312898550724,75.11021159420288,10,1236829,16413,899.5291219491219,60.52445406761969
Jammu and Kashmir,Udhampur,33.04770670731707,75.15286951219511,19,554985,1214,869.9963609898108,58.083371622656465
Jharkhand,Bokaro,23.6814965034965,85.98398374125864,355,2062330,9754,922.3681426388903,61.75151406418953
Jharkhand,Chatra,24.11619945750453,84.93295804701627,347,1042886,590,953.2077874647663,48.908605542695945
Jharkhand,Deoghar,24.33070100755672,86.75697632241814,350,1492073,1944,925.2008330086113,53.18359088328788
Jharkhand,Dhanbad,23.854509090909097,86.40372924901185,354,2684487,11568,909.3677184776764,64.15393332133849
Jharkhand,Dumka,24.275006125574265,87.27662450229711,362,1321442,1193,976.6856041907873,50.88448830898366
Jharkhand,Garhwa,24.082114689265527,83.68664265536722,346,1322784,565,935.097099806166,49.4015651837337
Jharkhand,Giridih,24.30578509874329,86.08710915619386,349,2445474,1944,943.7865730650553,51.256934238515726
Jharkhand,Godda,24.8189,87.2941735483871,351,1313551,874,937.5994760497812,46.02173802159185
Jharkhand,Gumla,23.078532948929148,84.55056787479396,366,1025213,831,993.0655728144015,54.5954840603855
Jharkhand,Jamtara,23.97873318077801,86.95325080091534,363,791042,808,954.01032532174,53.89246083014555
Jharkhand,Latehar,23.72511185840708,84.48298743362837,359,726978,340,966.5806430669847,48.23832358063105
Jharkhand,Lohardaga,23.488796043165483,84.6605169064748,356,461790,351,985.0921424242034,56.239199636198265
Jharkhand,Pakur,24.57260428082189,87.69691969178076,353,900422,328,989.1751222217068,39.19062395188034
Jharkhand,Palamu,24.196925968109337,84.20310842824594,358,1939869,2155,927.720505375126,52.81609222066026
Jharkhand,Ranchi,23.184235061391547,85.31781937244203,364,2914253,22538,949.4152596397039,65.58912352496506
Jharkhand,Sahibganj,24.93667989690721,87.68264097938142,352,1150567,591,952.1285530318582,42.00216067382429
Jharkhand,Simdega,22.608760391198054,84.59193691931536,367,599578,423,996.5369003259975,57.28745884605506
Karnataka,Bagalkot,16.15860676328503,75.64526070853468,556,1889752,3745,988.9802349409701,58.9184189248113
Karnataka,Bangalore Rural,12.936827087794448,77.47369314775169,583,990923,3729,946.1458996174181,69.50580418458347
Karnataka,Belgaum,16.16107219152853,74.72329042357275,555,4779661,17560,972.5698423854435,63.85457043920061
Karnataka,Bellary,15.074377548209377,76.47228471074374,565,2452595,9626,982.7697715517311,57.96395246667305
Karnataka,Bidar,17.950361730769224,77.19459961538459,558,1703300,3971,956.320743339861,61.21487700346386
Karnataka,Bijapur,16.84015316666667,75.95909166666665,417,255230,117,983.7093803191283,34.05516592877013
Karnataka,Bijapur,16.84015316666667,75.95909166666665,557,2177331,4987,959.755072356803,57.330190035414915
Karnataka,Chikmagalur,13.425288289676422,75.67626502311249,570,1137961,4510,1008.324773835114,71.91327295047897
Karnataka,Chitradurga,14.29102220394736,76.57821957236843,566,1659456,5711,973.5622464598029,65.52701608237881
Karnataka,Davanagere,14.330414586709884,75.91723841166937,567,1945497,7320,972.3205596107056,67.25993409396159
Karnataka,Dharwad,15.343831376975173,75.13831264108359,562,1847023,15013,970.7759019895306,70.47362160622797
Karnataka,Gadag,15.507128256880746,75.64861302752298,561,1064570,3373,981.8969481352405,65.77087462543562
Karnataka,Gulbarga,17.070459515951594,76.87503850385033,579,2566326,9752,971.435485171941,55.61912243417243
Karnataka,Hassan,12.945098749999998,76.11049549999997,574,1776421,4851,1010.2832854457617,68.9732895524203
Karnataka,Haveri,14.737582809224318,75.3961230607966,564,1597668,2456,950.4497465597562,67.93920889696733
Karnataka,Kodagu,12.39684468085106,75.79336595744688,576,554519,3308,1019.311163549496,74.4567814628534
Karnataka,Kolar,13.312799881235172,78.01376947743476,581,1536401,5051,978.8883507900607,66.14282339050807
Karnataka,Koppal,15.651253271028034,76.1617048598131,560,1389920,2135,985.8099284781534,58.210904224703576
Karnataka,Mandya,12.574901806239744,76.81570098522172,573,1805769,3367,995.1374732759907,63.66534146947921
Karnataka,Mysore,12.248100259403367,76.52881802853437,577,3001127,28397,985.3975919555438,65.38143837298455
Karnataka,Raichur,16.050795353982295,76.87368606194688,559,1928812,5200,999.7822730896796,50.79650064391967
Karnataka,Shimoga,14.063845885634592,75.17882078103197,568,1752753,8791,997.6328191334774,72.058983781514
Karnataka,Tumkur,13.592467760074973,77.02297966260545,571,2678980,7971,983.5568646092015,67.68960574547029
Karnataka,Udupi,13.450404228534568,74.72009990316337,569,1177361,9070,1094.4601881056194,78.68691081155228
Kerala,Alappuzha,9.542602965599087,76.38010796263319,598,2127789,28842,1100.1883250324238,87.07616215705599
Kerala,Ernakulam,10.004879301987431,76.26957729035381,595,3282388,88737,1026.7196523493772,86.99995247362591
Kerala,Idukki,9.80480963855423,77.04586641566264,596,1108974,8250,1006.0744417591641,83.23098647939446
Kerala,Kannur,11.941523076923056,75.35209891725934,589,2523003,32653,1135.5212172202537,84.75748938863728
Kerala,Kasaragod,12.33310309912974,75.07768497134369,588,1307375,10378,1079.7772238245154,79.35687924275744
Kerala,Kollam,8.929388820570157,76.6360775852431,600,2635375,31542,1113.426326898525,85.00775032016317
Kerala,Kottayam,9.643701174068417,76.46059673302705,597,1974551,37849,1039.2165975240864,88.61751355118201
Kerala,Kozhikode,11.392924270557026,75.71158720159153,591,3086293,36791,1098.1745031415242,84.74383345975252
Kerala,Malappuram,10.97329875666072,75.93910775606876,592,4112920,27909,1098.0774645875588,80.51007556675063
Kerala,Palakkad,10.784926903553291,76.49980490693744,593,2809934,27162,1066.9212741949484,79.69909613535407
Kerala,Thiruvananthapuram,8.537101759082221,76.88711502868073,601,3301427,71621,1087.2940004223365,84.36981947503307
Kerala,Thrissur,10.458932647907687,76.12321940836945,594,3121200,56148,1107.8322459434764,85.81789055491478
Kerala,Wayanad,11.715277464788736,76.07587007042254,590,817420,4712,1034.9827227372762,78.97837097208289
Madhya Pradesh,Anuppur,23.18184220430107,81.86560000000007,461,749237,1290,976.2841783737873,58.27194866243926
Madhya Pradesh,Ashoknagar,24.63098846153845,77.82974493927134,459,845071,619,904.0120584809288,55.51119373401762
Madhya Pradesh,Balaghat,21.80020720640569,80.42170053380796,457,1701698,1712,1020.5918463792689,67.43987476038639
Madhya Pradesh,Barwani,21.702135714285724,74.91004719710673,441,1385881,1158,981.6984585466296,39.68060749804636
Madhya Pradesh,Betul,21.964626315789477,77.7873428189117,447,1575362,2109,971.0848860661932,59.654162027521295
Madhya Pradesh,Bhind,26.35951126187245,78.7618324287653,420,1703005,1166,837.4255402479168,64.29323460588783
Madhya Pradesh,Bhopal,23.480726143790854,77.39246623093679,444,2371061,40788,918.1323970779772,70.03995257819179
Madhya Pradesh,Burhanpur,21.364567254408065,76.24460478589425,467,757847,986,950.6800444783065,53.92632022030832
Madhya Pradesh,Chhatarpur,24.813637376460004,79.56449299191374,425,1762375,1880,882.6358985643949,53.50921341939144
Madhya Pradesh,Chhindwara,22.227966971713823,78.76413136439254,455,2090922,3588,964.2882641845504,61.89604394616346
Madhya Pradesh,Damoh,23.76624407960196,79.47049303482588,428,1264219,1432,910.0628066109359,59.1444203891889
Madhya Pradesh,Datia,25.90226439560441,78.63916571428574,422,786754,616,872.5238422780056,62.46488737267304
Madhya Pradesh,Dewas,22.7851110021322,76.46088805970157,437,1563715,3518,941.6372077545542,59.17759949862986
Madhya Pradesh,Dhar,22.572681718963157,75.1105620736698,438,2185793,2388,964.3604664225213,49.28819883676084
Madhya Pradesh,Dindori,22.83738437047757,81.04332966714911,453,704524,554,1001.9834447718612,53.754591752729496
Madhya Pradesh,Guna,24.49043927178156,77.2235895968791,458,1241519,2482,911.9058398859188,52.67579473209834
Madhya Pradesh,Gwalior,26.04074441964285,78.12782433035713,421,2032036,15779,863.6941027783408,66.79064740978998
Madhya Pradesh,Harda,22.227659781121783,77.07022571819435,448,570465,986,934.8421845216695,61.80046102740746
Madhya Pradesh,Hoshangabad,22.595268801996703,78.02168094841929,449,1241350,2871,913.5226791013141,65.3034196640754
Madhya Pradesh,Indore,22.680265752128648,75.9133801324502,439,3276697,48691,927.8918256770456,70.47127030665331
Madhya Pradesh,Jabalpur,23.18525572327043,79.98328754716981,451,2463289,20443,928.5457042241392,71.30580293258323
Madhya Pradesh,Jhabua,22.419578015397768,74.40921616766468,464,1025048,744,990.2955790323928,34.34775737331325
Madhya Pradesh,Katni,23.724416229116937,80.33819665871127,450,1292042,2179,951.6867493538647,61.20335097465872
Madhya Pradesh,Mandla,22.70348712446353,80.38600543633753,454,1054905,912,1008.3023652507652,57.347533664168814
Madhya Pradesh,Mandsaur,24.19278764044944,75.43588667736759,433,1340411,2324,962.9626375300029,62.26381311403741
Madhya Pradesh,Morena,26.37313504531724,77.88447341389724,419,1965970,1781,840.0774229537717,60.00523914403577
Madhya Pradesh,Neemuch,24.70311893333336,75.06608186666664,432,826067,1945,954.4803893501288,61.59718279510016
Madhya Pradesh,Panna,24.451325840092657,80.21133001158752,426,1016520,653,905.451000974732,54.35790737024357
Madhya Pradesh,Raisen,23.292518206521724,78.16305495923909,446,1331597,1141,901.3090448028008,61.59671432122481
Madhya Pradesh,Rajgarh,23.785499026425583,76.66431223922116,442,1545814,1611,956.201626905185,52.0272814193687
Madhya Pradesh,Ratlam,23.503562290502792,75.14895782122909,434,1455069,3644,970.9945668149019,56.75882037209232
Madhya Pradesh,Rewa,24.861184625158856,81.57572465057183,430,2365106,3406,930.5411803118113,60.959508791572134
Madhya Pradesh,Sagar,23.800318709677374,78.71940357771273,427,2378458,4546,893.2893508255079,64.98828232409402
Madhya Pradesh,Satna,24.62777621776502,80.75547048710598,429,2228935,3754,925.6541064972203,61.54423525136444
Madhya Pradesh,Sehore,22.9297199679658,77.06780202883085,445,1311332,1566,917.872650981436,59.509109821158944
Madhya Pradesh,Seoni,22.33230487804874,79.66053863928111,456,1379131,1182,981.8546040331724,62.66221265420037
Madhya Pradesh,Shahdol,23.44859864559819,81.4596831828442,460,1066063,1733,974.1139696419214,56.67526215617651
Madhya Pradesh,Shajapur,23.566620317220547,76.33555181268885,436,1512681,1382,938.0425869932866,59.14082347831433
Madhya Pradesh,Sheopur,25.78014810996563,77.16911116838484,418,687861,273,901.3029874179068,47.687686901859536
Madhya Pradesh,Shivpuri,25.37802451874367,77.74861600810549,423,1726050,1852,876.5594507471774,52.19118797253846
Madhya Pradesh,Sidhi,24.17547189952905,82.1053783359498,462,1127033,837,956.9534928947478,53.306779836970165
Madhya Pradesh,Tikamgarh,25.14099852104666,78.89357064846428,424,1445166,1090,900.6464085854634,51.75460812114318
Madhya Pradesh,Ujjain,23.319288862745065,75.80383717647058,435,1986864,7501,955.0187003893577,62.45973554304673
Madhya Pradesh,Umaria,23.59601063063061,80.90879477477475,431,644758,839,949.829741679116,55.318739744214106
Madhya Pradesh,Vidisha,23.82838307984792,77.9013507604563,443,1458875,1926,895.7064223044617,59.1495501670808
Maharashtra,Akola,20.746310479041902,77.12122320359276,501,1813906,6163,945.553846582877,77.80342531531403
Maharashtra,Amravati,21.16520991810736,77.67583503184723,503,2888445,9438,950.639803129187,77.96149831483721
Maharashtra,Aurangabad,20.0979228832952,75.32072196796334,235,2540073,2362,926.218108356513,57.71495543632014
Maharashtra,Aurangabad,20.0979228832952,75.32072196796334,515,3701282,23258,923.2744201127687,67.64783121091557
Maharashtra,Bhandara,21.211792649727748,80.10950199637024,506,1200334,2932,982.3193288413264,74.9674673882436
Maharashtra,Bid,18.952353340080982,75.69319706477731,523,2585049,5614,916.1200083610925,66.4787011774245
Maharashtra,Buldana,20.56680611183355,76.39017880364096,500,2586258,4767,933.5641017973026,72.68702503771858
Maharashtra,Chandrapur,20.095609090909075,79.31556380471388,509,2204307,8239,961.4168996488805,71.61502458595831
Maharashtra,Dhule,21.274018690400517,74.58719071837263,498,2050862,6065,945.7321463979712,63.09132452597981
Maharashtra,Gondiya,21.225008411214997,80.17522698598128,507,1322507,2866,999.0915329663187,75.93479656440381
Maharashtra,Hingoli,19.59525302245251,77.09239412780653,512,1177345,1221,941.8714353102621,67.16323592489883
Maharashtra,Jalgaon,20.8828943415638,75.55140421810695,499,4229917,14297,924.9951646631306,68.36734621506758
Maharashtra,Jalna,19.984612534818933,75.98473607242339,514,1959046,3791,936.8248089667248,61.02577479038267
Maharashtra,Kolhapur,16.44881301587301,74.12897150793648,530,3876001,22269,956.9259306755634,72.90619894060914
Maharashtra,Latur,18.348687268993856,76.75812607802874,524,2454196,6217,927.6717407355043,67.25917571375717
Maharashtra,Nagpur,21.196556862745105,79.02166176470584,505,4653570,57964,951.2028427970944,78.94601349071789
Maharashtra,Nanded,19.209316983017,77.6829048951049,511,3361292,7548,942.8591246044247,65.13641183211693
Maharashtra,Nandurbar,21.523175625248147,74.32638757443429,497,1648295,2579,978.3417549839769,54.99676938897466
Maharashtra,Nashik,20.266912871287143,74.03824168316828,516,6107187,45039,934.3766886081467,71.15167752354725
Maharashtra,Osmanabad,18.19459456066944,75.99495575313809,525,1657576,3209,923.9798731334189,68.64300641418554
Maharashtra,Parbhani,19.31032425249168,76.70163338870431,513,1836086,3982,947.3373847932377,63.058810970727954
Maharashtra,Pune,18.51696171428573,74.12922881632647,521,9429408,235018,914.9486048733729,76.05698045943076
Maharashtra,Raigarh,18.453257637845976,73.0090609418579,403,1493984,3342,991.240580158288,63.6980717330306
Maharashtra,Raigarh,18.453257637845976,73.0090609418579,520,2634200,38570,959.4672498502988,73.64642016551515
Maharashtra,Ratnagiri,17.210195070127703,73.25725893866404,528,1615069,7752,1121.9608971503874,74.26258568519364
Maharashtra,Sangli,17.154930181086502,74.70713822937628,531,2822143,13212,965.6529649070019,72.62094798172878
Maharashtra,Satara,17.6737908974359,74.18052064102558,527,3003741,14093,988.1238408781329,74.09740054152472
Maharashtra,Sindhudurg,16.170948049777163,73.51329008172343,529,849651,3517,1035.9114565861234,78.39301077736623
Maharashtra,Solapur,17.837357937584812,75.42394823609216,526,4317756,15145,938.080267450441,67.41177593175715
Maharashtra,Thane,19.698767747440264,72.79882742564581,517,11060148,256170,885.7631560910188,74.38563209099914
Maharashtra,Wardha,20.80743024390242,78.57259105691062,504,1300774,4313,946.1448117477203,78.37318396585418
Maharashtra,Washim,20.282282394366213,77.25502394366208,502,1197160,1875,929.9631469832436,72.66505730228207
Maharashtra,Yavatmal,20.04258346738159,78.05326371760479,510,2772348,6094,952.4058691587469,72.9552711275785
Manipur,Bishnupur,24.50712111801243,93.8246236024845,275,237399,676,998.6109006415114,65.85242566312411
Manipur,Chandel,24.2635812987013,94.09443844155844,280,144182,184,933.2788050255434,62.630564148090606
Manipur,Churachandpur,24.30309718875504,93.38671506024085,274,274143,837,974.8091053162369,71.4718230996232
Manipur,Senapati,25.08465586034914,94.03366234413956,272,479148,256,937.3370046457467,55.19735029677678
Manipur,Tamenglong,24.98312942238265,93.49450740072204,273,140651,125,943.4718326401459,60.43753688206981
Manipur,Thoubal,24.545392553191498,93.97959893617023,276,422168,880,1002.2670682254737,63.79071838699285
Manipur,Ukhrul,25.05900314960629,94.44129566929138,279,183998,276,942.5874701746236,70.56000608702269
Meghalaya,East Garo Hills,25.82728228228228,90.64684924924916,294,317917,288,971.9084745972968,60.439359958731366
Meghalaya,East Khasi Hills,25.303763888888884,91.75922519841272,298,825922,5032,1010.770567913738,69.98602773627533
Meghalaya,Jaintia Hills,25.33959557069844,92.37608160136298,299,395124,510,1013.0116921822861,47.46029094663954
Meghalaya,South Garo Hills,25.240568578553614,90.64560349127176,295,142334,179,945.2507858411917,57.654530892126964
Meghalaya,West Garo Hills,25.495285185185185,90.03709947089942,293,643291,1630,984.4921782211816,55.76045677617129
Meghalaya,West Khasi Hills,25.500889926739926,91.25364542124538,296,383461,149,979.5111374958057,60.15683472373984
Mizoram,Aizawl,23.90781335453101,92.85359459459472,283,400309,4019,1008.8774025191951,85.08302336445097
Mizoram,Champhai,23.54166580976866,93.24221799485862,284,125745,186,983.7350918154856,80.16382361127678
Mizoram,Kolasib,24.2020004347826,92.73470391304348,282,83955,367,956.1722354256955,78.48847596926926
Mizoram,Lawngtlai,22.36102843137253,92.66964156862753,287,117894,162,945.477648146009,53.31993146385736
Mizoram,Lunglei,23.007717036172675,92.63512555425892,286,161428,482,947.4731876802065,75.03159303218773
Mizoram,Mamit,23.73852942502819,92.4330803833147,281,86364,90,926.5637547961095,69.69454865453199
Mizoram,Saiha,22.35744801061008,93.02827931034489,288,56574,168,978.5269636986781,74.650899706579
Mizoram,Serchhip,23.263864705882344,92.914158496732,285,64937,131,976.713037654866,83.89054006190617
Nagaland,Dimapur,25.814176811594223,93.75074057971014,265,378811,3303,919.0603564444715,73.39728782955089
Nagaland,Kohima,25.60311428571428,93.78600657596373,270,267988,1928,928.4429284861045,73.69322506977925
Nagaland,Mokokchung,26.478911764705888,94.522426006192,262,194622,537,925.1968503937009,81.95065306080505
Nagaland,Mon,26.69207374301676,95.03072988826828,261,250260,178,899.4633898279357,47.80068728522337
Nagaland,Phek,25.63272986577182,94.56814563758392,266,163418,170,951.4228054882199,64.79885936677722
Nagaland,Tuensang,26.21104453280316,94.85809880715708,267,196596,155,928.6786418529819,59.77283362835459
Nagaland,Wokha,26.202611551155112,94.1990815181518,264,166343,198,968.4397372936513,77.07447863751405
Nagaland,Zunheboto,26.028178205128206,94.50026666666668,263,140757,261,976.4522515691478,73.09121393607423
Orissa,Baleshwar,21.48570932311624,87.08085828011933,377,2320529,7370,956.9526398923247,69.8647592854905
Orissa,Bhadrak,20.95262735257214,86.81496204516931,378,1506337,2637,981.3445400257806,72.635804604149
Orissa,Cuttack,20.407640646029623,85.7776810228802,381,2624470,15046,940.0854549217895,76.64286503560719
Orissa,Dhenkanal,20.79887159353349,85.53226836027711,383,1192811,1810,947.1508815804294,69.57598479557952
Orissa,Gajapati,19.121080882352945,84.14015091911759,389,577817,635,1042.6078718334852,45.436011747664054
Orissa,Ganjam,19.2632617564534,84.80297710437702,388,3529031,9049,983.4730763740025,62.62483950976912
Orissa,Jharsuguda,21.827058566978184,83.93581682242987,371,579505,2498,953.2340153021672,70.03891252016807
Orissa,Kalahandi,19.784253092783523,83.1124043814433,395,1576869,1953,1003.3883834476134,50.86256372596583
Orissa,Kandhamal,20.092878624813142,84.02216352765326,390,733110,768,1036.7278334189946,54.53288046814257
Orissa,Kendrapara,20.606319815982264,86.83763247572003,379,1440361,1628,1006.5936301047346,75.62444414976524
Orissa,Khordha,20.054162322274863,85.52234834123229,386,2251673,35701,929.2276742147666,77.7171463174271
Orissa,Koraput,18.82627794779476,82.81278469846964,398,1379647,3988,1032.4524277079415,41.17647485190052
Orissa,Malkangiri,18.25227930367506,81.98293636363628,399,613192,448,1019.5768450451874,39.906913332202635
Orissa,Mayurbhanj,21.897621545157754,86.4030408052231,376,2519738,2950,1005.8206689470654,54.34680113567363
Orissa,Nayagarh,20.192895622119817,85.05614700460825,385,962789,1163,915.4795915931211,71.49666230087797
Orissa,Nuapada,20.471309512195116,82.59152536585364,394,610382,757,1021.3867970141939,49.048464731921975
Orissa,Puri,19.83509174603177,85.86698989898981,387,1698730,3416,962.987358154799,76.05322799974098
Orissa,Rayagada,19.292840020060204,83.45860120361095,396,967911,1553,1050.8326976862445,42.125257384201646
Orissa,Sambalpur,21.515752380952385,84.34958483245157,372,1041099,5231,975.9811113409771,67.59117048426711
Orissa,Sundargarh,22.06354819277107,84.50524819277099,374,2093437,12787,972.8058412265219,64.12048702683673
Puducherry,Karaikal,10.876161726078813,79.82369793621002,637,200222,1868,1047.071332903925,77.3721169501853
Puducherry,Mahe,12.006420793787758,75.28275021570326,636,41816,574,1184.4016089432168,87.21541993495313
Puducherry,Yanam,16.707695652173904,82.26187304347832,634,55626,207,1037.5077835976706,70.60367454068242
Punjab,Amritsar,31.548679820627772,74.79883856502238,49,2490656,29961,889.1390222146711,67.6436248120977
Punjab,Bathinda,30.190524611973352,75.05685898004438,46,1388525,11284,868.313515797292,60.84643776669487
Punjab,Faridkot,30.591187250996025,74.79751553784862,45,617508,4348,890.3055367632878,61.745758759400694
Punjab,Fatehgarh Sahib,30.64290947368421,76.36208394736842,40,600163,5138,870.8614535762714,70.98621541147988
Punjab,Firozpur,30.63407535211269,74.40245732394365,43,2029074,10042,893.434063960091,60.49611793359927
Punjab,Gurdaspur,32.04283371212125,75.3204064393939,35,2298323,14428,895.3412330521509,71.12659969899792
Punjab,Hoshiarpur,31.55157169811319,75.8469857442349,38,1586625,13747,961.0793800684006,75.61326715512487
Punjab,Jalandhar,31.250336907216507,75.54400350515463,37,2193590,39082,915.4461492249027,73.96719532820627
Punjab,Kapurthala,31.336592638036837,75.47641165644177,36,815168,9732,912.1439512468596,70.72983728507498
Punjab,Ludhiana,30.76596397379912,75.83110851528383,41,3498739,58589,873.1711260638093,73.17564985556224
Punjab,Mansa,29.919547714285724,75.4304922857143,47,769751,2673,883.2658074239355,55.025586196055606
Punjab,Moga,30.756540067340065,75.1600845117845,42,995746,7897,893.3411925768178,63.057145095235136
Punjab,Muktsar,30.31243303303303,74.5518747747748,44,901896,4571,896.2453376841273,58.19384940170485
Punjab,Patiala,30.214540380693364,76.27505893949697,48,1895686,24274,890.9171070560049,66.82493830729351
Punjab,Rupnagar,30.910937330754347,76.53743500967126,51,684627,6600,915.1209141642307,73.43137211941685
Punjab,Sangrur,30.185045204336895,75.89437014178496,53,1655169,10736,885.0960503582455,60.54227695177955
Rajasthan,Ajmer,26.199300378787903,74.6990419191919,119,2583052,13499,950.8203778458331,59.10345591184382
Rajasthan,Alwar,27.55271738035265,76.65359630562563,104,3674179,9750,894.8580369732019,59.40037216477477
Rajasthan,Banswara,23.453642032967014,74.44246868131869,125,1797485,2324,980.1455019752048,46.13907765572453
Rajasthan,Baran,24.98023243243244,76.86210651828291,128,1222755,1363,928.8029718666446,56.70040196114512
Rajasthan,Barmer,25.77070908045978,71.50297126436782,115,2603751,2766,901.905886099712,45.63884949060029
Rajasthan,Bharatpur,27.32411858037578,77.21752077244258,105,2548462,4179,879.7765920252323,58.108341423179944
Rajasthan,Bhilwara,25.45119767759564,74.63947595628417,122,2408523,6207,973.0089061025479,52.15337366510513
Rajasthan,Bikaner,28.12489068322981,73.26943322981371,101,2363937,7607,905.170128006022,54.09623860534354
Rajasthan,Bundi,25.48580716049379,75.79984074074079,121,1110906,1392,924.7799570309793,52.66368171564471
Rajasthan,Chittaurgarh,24.631623761665463,74.80010997846382,126,1544338,4941,971.903964779084,53.215358295917085
Rajasthan,Churu,28.29330375536484,74.65846427038629,102,2039547,2577,939.7543953755114,56.34922852966859
Rajasthan,Dausa,26.91234817629181,76.57342097264443,109,1634409,1719,905.378607976106,57.39389589753849
Rajasthan,Dhaulpur,26.72397054945053,77.74476219780222,106,1206516,1330,845.821980365549,56.617400846735556
Rajasthan,Dungarpur,23.75104807692308,73.84765641025645,124,1388552,1477,993.5221928066478,49.086458411352254
Rajasthan,Ganganagar,29.256785412667963,73.56192303262948,99,1969168,6295,887.3694097801292,60.6013808877658
Rajasthan,Hanumangarh,29.1813351791531,74.74632573289902,100,1774692,3360,905.8446021409302,58.271294399253506
Rajasthan,Jaipur,27.033459290187885,75.77117286012533,110,6626178,76565,910.3833436115308,64.90868491610095
Rajasthan,Jaisalmer,26.86900838548185,71.18371877346682,114,669919,754,852.0989306291262,46.07318198170226
Rajasthan,Jalor,25.07578093797277,72.18647261724662,116,1828730,1585,952.4488754412076,45.36383173021715
Rajasthan,Jhalawar,24.24725541474657,76.11242891705065,129,1411129,1750,946.0009956656825,52.42554011716859
Rajasthan,Jhunjhunun,28.13517401247401,75.52840893970894,103,2137045,4828,950.0436172775519,64.12405915645202
Rajasthan,Jodhpur,26.678460838536967,73.00450847457628,113,3687165,19335,916.4776436540245,55.09739867893083
Rajasthan,Karauli,26.51901555555556,76.96081818181815,107,1458248,1059,860.8670574078116,55.26145072717398
Rajasthan,Kota,25.175718080000014,76.18618928000001,127,1951014,12843,910.5841292411285,66.5471903328218
Rajasthan,Nagaur,27.07862016048146,74.14215667001012,112,3307743,4449,949.9465019969641,53.16688751211929
Rajasthan,Pali,25.80490393541874,73.55285640766907,118,2037573,4043,987.0580112383,53.28363695435697
Rajasthan,Rajsamand,25.24894767441859,73.96570215946844,123,1156597,1989,989.5396661844466,53.53109164211908
Rajasthan,Sawai Madhopur,26.251081180223288,76.4219283891548,108,1335551,1887,897.005955703655,55.53872521528568
Rajasthan,Sikar,27.64644058641976,75.29317422839503,111,2677333,5647,947.1654339304287,61.7075649536311
Rajasthan,Sirohi,24.7976905263158,72.75309131578943,117,1036346,2146,939.8836832755868,46.008379440843115
Rajasthan,Tonk,26.153935071707927,75.79192216427637,120,1421326,1908,952.0062186184999,52.743635168849366
Rajasthan,Udaipur,24.44076752136749,73.84029839743584,130,3068420,14211,958.3980352322982,51.57797824287418
Sikkim,East,27.29600352941175,88.74908392156858,93,1709346,80037,883.5768595041322,79.15296259505097
Tamil Nadu,Ariyalur,11.190514836795256,79.22249643916912,616,754894,1749,1014.6462665097424,63.66509735141622
Tamil Nadu,Chennai,13.058098905608748,80.28139151846806,603,4646732,217368,989.3160673401135,81.267350903818
Tamil Nadu,Coimbatore,10.871376995940452,77.07619012178621,632,3458045,63273,999.682529952923,76.22535276435094
Tamil Nadu,Cuddalore,11.57587300613498,79.63002365371497,617,2605914,15396,986.6737516362391,69.66005017817164
Tamil Nadu,Dharmapuri,12.300141200000006,78.11509813333339,630,1506843,3651,946.0637502373102,60.902761601573616
Tamil Nadu,Dindigul,10.377801390820574,77.78011279554937,612,2159775,9155,998.0563177536546,68.61057286059891
Tamil Nadu,Erode,11.267012155963302,77.42034334862392,610,2251744,18604,992.9266073559036,66.28915187516876
Tamil Nadu,Kancheepuram,12.496424756511884,80.08820360135913,604,3998252,100322,986.2570406337339,75.36748559120335
Tamil Nadu,Kanniyakumari,8.183466300191206,77.32053064053538,629,1870374,15673,1019.090079829869,82.8036531731087
Tamil Nadu,Karur,10.79532776617955,78.08749686847604,613,1064493,4915,1015.3828968692728,68.29955669036809
Tamil Nadu,Madurai,9.904313833333331,78.01366033333332,623,3038252,34097,990.3712802371477,74.82690705050142
Tamil Nadu,Nagapattinam,10.789468161718286,79.79437299431483,618,1616450,5585,1025.3042435602354,75.0414797859507
Tamil Nadu,Namakkal,11.33766638477801,78.14624841437633,609,1726601,8960,986.2426375851279,68.11828557958671
Tamil Nadu,Perambalur,11.260137758112096,78.86034011799416,615,565223,1507,1003.2216106635667,66.49110174214425
Tamil Nadu,Pudukkottai,10.130514816433578,79.05444484265728,621,1618345,4494,1014.9018660637361,68.62226533897284
Tamil Nadu,Ramanathapuram,9.31286995153476,78.99185362412462,626,1353445,5172,982.610619080125,72.32994321897085
Tamil Nadu,Salem,11.629324202127655,78.2478257978723,608,3482056,20660,954.4862371468777,65.63828956225862
Tamil Nadu,Sivaganga,9.960306580645158,78.56535729032255,622,1339101,5773,1002.6275961906586,71.67077016595462
Tamil Nadu,Thanjavur,10.387692255892237,79.3194869107745,620,2405890,13495,1034.7238197047402,74.44222304427883
Tamil Nadu,Theni,9.924066666666668,77.43458833333332,624,1245899,4667,991.2623485055532,69.83551636208072
Tamil Nadu,Thiruvallur,13.275858101752885,80.19724702864492,602,3728104,75634,987.1965851874832,74.88313094269903
Tamil Nadu,Thiruvarur,10.368927409395978,79.60322893959727,619,1264277,4416,1017.378525051341,74.86262899665184
Tamil Nadu,Tiruvannamalai,12.419318947368414,79.23265631578953,606,2464875,6445,994.4145469374677,65.9998174349612
Tamil Nadu,Vellore,12.784882632293078,79.02643283582084,605,3936331,20623,1006.6040063455555,70.46988680575896
Tamil Nadu,Virudhunagar,9.468872195892564,77.87641469194315,625,1942288,10219,1007.0992416108562,72.01753807880192
Tripura,Dhalai,23.781360477941163,91.94654283088232,291,378230,273,944.1874331770705,73.0288448827433
Tripura,North Tripura,24.121739755351683,92.17842538226292,292,693947,997,966.6354928300176,74.99160598720074
Tripura,South Tripura,23.211874098057383,91.6065807585568,290,876001,948,957.3516793879484,73.83667370242728
Tripura,West Tripura,23.780166241299337,91.41310788863107,289,1725739,6394,962.3425681238259,78.88527755355823
Uttar Pradesh,Agra,26.99512974910393,78.05278291517321,146,4418797,27183,868.4502398144909,60.66153299189803
Uttar Pradesh,Aligarh,27.93748576850093,78.00146831119557,143,3673889,13634,882.1191231949246,56.957817723943215
Uttar Pradesh,Allahabad,25.392038662316445,82.05172446982063,175,5954391,24122,901.2637113334251,61.56342437035123
Uttar Pradesh,Ambedkar Nagar,26.39119025974028,82.68282142857147,178,2397888,2509,977.7863923920125,62.010360784156724
Uttar Pradesh,Auraiya,26.66892394014961,79.42637057356607,162,1379545,2404,864.1492351764769,67.47413096346983
Uttar Pradesh,Azamgarh,26.008290954773837,83.01220251256285,191,4613913,6652,1019.2144083774033,60.077357332051996
Uttar Pradesh,Baghpat,29.045793499999988,77.30266300000001,139,1303048,2989,861.3110117559672,61.23872643218055
Uttar Pradesh,Bahraich,27.691776300578027,81.46779783237004,180,3487731,2681,891.5132405292306,40.09391779354543
Uttar Pradesh,Ballia,25.86075638297873,84.03651978723408,193,3239774,4672,936.6191205462126,60.608857284489595
Uttar Pradesh,Balrampur,27.449076537911324,82.47158326180256,182,2148665,1551,927.5361278741497,40.413791819571685
Uttar Pradesh,Banda,25.351885902503284,80.52487391304344,170,1799410,1655,862.9824118209791,55.73699156945888
Uttar Pradesh,Bara Banki,26.922777025232424,81.35762350597606,176,3260699,3159,910.1110497324953,51.90476029832867
Uttar Pradesh,Bareilly,28.51101940789474,79.43187072368416,150,4448359,15164,886.7646591012718,49.271180675840235
Uttar Pradesh,Basti,26.833880454545447,82.69790590909092,185,2464464,3423,963.2908246180908,56.55521849781535
Uttar Pradesh,Bijnor,29.313974259681096,78.45098815489754,134,3682713,7303,916.8666703101943,57.984236078130444
Uttar Pradesh,Bulandshahr,28.34875862068968,78.01082758620684,142,3499171,7865,896.3024180874239,58.0610664640282
Uttar Pradesh,Chandauli,25.1180859611231,83.25307062634984,196,1952756,3492,918.4069240253266,60.15119144429719
Uttar Pradesh,Chitrakoot,25.159924623803,81.07666087551297,171,991730,827,879.2695382598001,53.55005898782935
Uttar Pradesh,Deoria,26.42218856548857,83.8244070686071,190,3100946,4469,1016.959405139466,60.47312658782191
Uttar Pradesh,Etah,27.591155309734443,78.70021858407083,201,1774480,2635,873.1203930166498,59.4654208556873
Uttar Pradesh,Etawah,26.78817670157068,79.07621806282728,161,1581810,2964,870.0700828509817,67.13846795759288
Uttar Pradesh,Faizabad,26.60589185185181,82.00783530864202,177,2470996,4746,961.687101271169,58.71725409510983
Uttar Pradesh,Farrukhabad,27.45063297872342,79.4406284574468,159,1885204,2624,873.5132771505804,57.96067693469779
Uttar Pradesh,Fatehpur,25.8374362030905,80.85416203090509,172,2632733,3385,901.2718798430299,57.437119525603244
Uttar Pradesh,Firozabad,27.20963993055552,78.42660624999998,147,2498156,5834,875.4277254689403,60.91717250644075
Uttar Pradesh,Gautam Buddha Nagar,28.393311038961038,77.52462467532465,141,1648115,53181,851.369445998378,68.13523328165813
Uttar Pradesh,Ghaziabad,28.74997308584685,77.67441879350343,140,4681645,78116,881.0595644386085,66.71296093573946
Uttar Pradesh,Ghazipur,25.624724775583484,83.5360854578097,195,3620268,5309,951.5480506178995,60.70127957377741
Uttar Pradesh,Gonda,27.157215552099505,82.0226888024882,183,3433919,4313,921.454094964821,48.92351858037421
Uttar Pradesh,Gorakhpur,26.63315886792452,83.3549560377358,188,4440895,14597,949.6618852503999,60.805941144746726
Uttar Pradesh,Hamirpur,25.738158381502892,79.82619479768789,28,454768,2521,1095.0292532362832,78.74146817718045
Uttar Pradesh,Hamirpur,25.738158381502892,79.82619479768789,168,1104285,1196,860.5158566357278,59.16036168199332
Uttar Pradesh,Hardoi,27.337409090909137,80.26411767676768,155,4092845,3845,867.6492464778898,54.28011566526463
Uttar Pradesh,Jalaun,26.067954587155988,79.36686911314993,165,1689974,2217,865.1240712863595,63.622043889432625
Uttar Pradesh,Jaunpur,25.70141280913127,82.54315351934063,194,4494204,8002,1023.9922718889962,60.782220833767234
Uttar Pradesh,Jhansi,25.45581535234902,78.89954580536917,166,1998603,8517,890.0463006744617,65.27124196251081
Uttar Pradesh,Jyotiba Phule Nagar,28.870498984771597,78.39009365482241,137,1840221,2825,910.0346774972002,53.42347468048675
Uttar Pradesh,Kannauj,26.993988617886185,79.64437940379408,160,1656616,2488,878.7265700132459,61.3954591770211
Uttar Pradesh,Kanpur Dehat,26.43047641196011,79.98710083056478,163,1796184,2682,864.7024931093013,65.15162143744739
Uttar Pradesh,Kaushambi,25.53587532051282,81.41811282051287,174,1599596,1503,907.7216646690161,50.851840089622634
Uttar Pradesh,Kushinagar,26.892530675909864,83.92261542461007,189,3564544,3486,960.6359543578164,54.84067527291009
Uttar Pradesh,Lalitpur,24.58877161016945,78.60082330508473,167,1221592,1079,905.727046805749,52.48814661523651
Uttar Pradesh,Lucknow,26.838233589251463,80.89706026871404,157,4589838,68506,916.8444369457034,68.13443088841044
Uttar Pradesh,Mahoba,25.34529670138888,79.67863003472216,169,875958,1316,878.2952152638102,55.72253464207188
Uttar Pradesh,Mainpuri,27.17386862302482,79.03501851015807,148,1868529,2642,880.986775413564,64.42955929503904
Uttar Pradesh,Mathura,27.59390432801821,77.62153416856502,145,2547184,8726,863.1683276949803,59.19266138606398
Uttar Pradesh,Mau,26.01082203791469,83.50582654028433,192,2205968,2656,978.9631195226737,61.788928941852284
Uttar Pradesh,Meerut,29.02957625698323,77.80611005586593,138,3443689,23717,886.1849668874535,62.18587102377712
Uttar Pradesh,Mirzapur,25.10207959183675,82.60126628571429,199,2496970,4447,902.7403753099516,57.216666599919094
Uttar Pradesh,Moradabad,28.851770406189537,78.73580193423597,135,4772006,11690,906.3729183528511,47.44017505426439
Uttar Pradesh,Muzaffarnagar,29.470507977736563,77.64017847866423,133,4143512,10077,889.0525085322831,58.34034027173084
Uttar Pradesh,Pilibhit,28.52024175035868,79.90103974175037,151,2031007,2870,894.5925474019638,52.24477315932441
Uttar Pradesh,Pratapgarh,25.864842731707316,81.93530048780492,131,867848,716,982.5468767133302,46.26559028770015
Uttar Pradesh,Pratapgarh,25.864842731707316,81.93530048780492,173,3209141,5149,998.1140475130519,60.18928429757371
Uttar Pradesh,Rae Bareli,26.253902840059787,81.22260463378181,158,3405559,5184,943.2110614182142,57.72453215463306
Uttar Pradesh,Rampur,28.83244727272725,79.10977333333337,136,2335819,3847,908.5219329530701,44.68094488485623
Uttar Pradesh,Saharanpur,30.03381165217392,77.59905147826095,132,3466382,9699,889.9572870924582,59.92149739988264
Uttar Pradesh,Sant Kabir Nagar,26.791596516393444,83.0387764344262,186,1715183,2031,972.2545466253323,55.67621647369406
Uttar Pradesh,Shahjahanpur,27.991389350649328,79.8302275324675,152,3006538,3889,871.5963553354917,49.589594410581206
Uttar Pradesh,Sitapur,27.501995963091108,80.85288881199547,154,4483992,3874,887.7867891737508,50.93080005495103
Uttar Pradesh,Sonbhadra,24.46693268858798,83.06816324951639,200,1862559,5149,917.5070829695761,52.92224300008751
Uttar Pradesh,Sultanpur,26.2846386419753,82.05710456790123,179,3797117,5956,983.2574770733726,58.9895439092343
Uttar Pradesh,Unnao,26.63163990895297,80.636773292868,156,3108367,3476,906.8718418096703,57.05838467594078
Uttar Pradesh,Varanasi,25.36057088888889,82.82529666666672,197,3676841,19214,913.1709591296334,65.37957447711229
Uttaranchal,Almora,29.683532133676103,79.50165064267351,64,622506,1830,1138.6005957104724,70.11932415109253
Uttaranchal,Bageshwar,29.98703393393397,79.83954354354357,63,259898,435,1090.4557373357143,69.0590154599112
Uttaranchal,Chamoli,30.58338611464965,79.56281095541402,57,391605,899,1018.6761241500894,71.6425990475096
Uttaranchal,Champawat,29.29142393939393,80.07720212121217,65,259648,548,980.1563393708293,68.44882302193739
Uttaranchal,Pithoragarh,30.14720631868129,80.34229230769236,62,483439,1344,1020.1708273089685,71.47747699296086
Uttaranchal,Tehri Garhwal,30.463700918635173,78.48783792650917,59,618931,1366,1077.047243830247,65.91914122898999
Uttaranchal,Udham Singh Nagar,29.02779577677222,79.45629004524895,67,1648902,7883,920.0449939041644,62.94121785284996
Uttaranchal,Uttarkashi,30.968958552036234,78.56880615384617,56,330086,602,957.8402937181563,65.17271256581618
West Bengal,Bankura,23.081280892857155,87.12640053571437,339,3596674,4273,956.7399943963724,62.08491511880143
West Bengal,Barddhaman,23.444453888888884,87.8150581111111,335,7717563,32323,945.4950718308478,67.99047834141425
West Bengal,Birbhum,24.06389342723,87.65153089201888,334,3502404,5210,955.6451432783151,61.62758493880204
West Bengal,Dakshin Dinajpur,25.342094363021435,88.69821679819614,331,1676276,2518,955.5272462987008,64.64836339600399
West Bengal,Darjiling,26.839619571045585,88.33145067024122,327,1846823,10943,970.4510706218879,71.23503443481049
West Bengal,Haora,22.401674174428507,87.99421176968654,341,4850029,30751,939.3762603371135,74.33369986035136
West Bengal,Hugli,22.87929264705881,88.00010264705891,338,5519145,31725,960.8616053204428,73.89528631699294
West Bengal,Jalpaiguri,26.62642031250004,89.04154375000003,328,3872846,9322,952.9606709617037,64.5205102397565
West Bengal,Kolkata,22.550581481481483,88.3527648148148,342,4496694,136618,907.9934113102446,79.79500050481532
West Bengal,Maldah,25.08026802575105,88.17191684549356,332,3988845,5357,944.3164918468605,52.30667022659442
West Bengal,Murshidabad,24.25950655391121,88.16816860465121,333,7103807,7951,958.2857807608632,57.09380899565543
West Bengal,Nadia,23.56410971055088,88.58293034547152,336,5167600,12787,947.268939862113,67.35341357690223
West Bengal,Puruliya,23.254192328767108,86.3968532876713,340,2930115,3551,957.3298793049547,55.455331957960695
West Bengal,Uttar Dinajpur,26.044619165196977,88.23595232216337,330,3007134,2883,938.7530898104917,49.53776585945289
